id,name,type,url,contact,description,geoextent,geocoverage,lead_organisation_name,lead_organisation_category,start_date,active,end_date,primary_sector,secondary_sector,cross_sector,cross_border,technology,status,uptake
1,Austrian data catalogue,Data access and reuse,https://www.data.gv.at/,,Austrian data catalogue,National,Austria,Cooperation Open Government Data Austria,Governmental,,Yes,,General public services,Data access,Yes,No,API,In production,Unknown
2,Austrian geodata catalogue,Data access and reuse,https://geometadaten.lfrz.at/at.lfrz.discoveryservices/srv/de/csw202?SERVICE=CSW&REQUEST=GetCapabilities,,Austrian geodata catalogue,National,Austria,Federal Ministry for Sustainability and Tourism,Governmental,,Yes,,Environmental protection,Data access,No,No,API,In production,Unknown
3,Belgium data catalogue,Data access and reuse,https://data.gov.be/en/api,,Belgium data catalogue,National,Belgium,Government of Belgium,Governmental,,Yes,,General public services,Data access,Yes,No,API,In production,Unknown
4,Belgium data on parliament,Data access and reuse,http://www.dierentheater.be/api/v1/,,Belgium data on parliament,National,Belgium,Dieren Theater,Governmental,,Yes,,Executive and legislative organs,Data access,No,No,API,In production,Unknown
5,Belgium geodata catalogue,Data access and reuse,http://inspire.reporting.geo.be/eng/csw,,Belgium geodata catalogue,National,Belgium,Government of Belgium,Governmental,,Yes,,Environmental protection,Data access,No,No,API,In production,Unknown
6,Brussels geodata catalogue,Data access and reuse,http://www.geo.irisnet.be/en/webservices/,,Brussels geodata catalogue,Local,Belgium,City of Brussels,Governmental,,Yes,,Environmental protection,Data access,Yes,No,API,In production,Unknown
7,Flanders INSPIRE data catalogue,Data access and reuse,http://geonetwork.geopunt.be/zoekdienst/srv/eng/csw,,Flanders INSPIRE metadata catalogue,Regional,Belgium,Region Flanders,Governmental,,Yes,,Environmental protection,Data access,No,No,API,In production,Unknown
8,Flanders open data catalogue,Data access and reuse,http://opendata.vlaanderen.be,,Flanders open data catalogue,Regional,Belgium,Flanders Information Agency,Governmental,,Yes,,General public services,Data access,Yes,No,API,In production,Unknown
9,Flanders utility maps and data,Service integration,https://klip.vlaanderen.be/api,,Flanders utility maps and data,Regional,Belgium,Flanders Underground Utility Location System (KLIP),Governmental,,Yes,,General public services,Data access,No,No,API,In production,Unknown
10,FRIS Onderzoeksportaal,Service integration,https://frisr3.researchportal.be/ws/,,Flanders research information portal.,Regional,Belgium,Flanders Research Information Space (FRIS),Governmental,,Yes,,Basic research,Data access,Yes,No,API,In production,Unknown
11,Ghent data catalogue,Data access and reuse,https://data.stad.gent/devzone,,Ghent data catalogue,Local,Belgium,City of Ghent,Governmental,,Yes,,General public services,Data access,Yes,No,API,In production,Unknown
12,Wallonie geodata catalogue,Data access and reuse,http://metawal.wallonie.be/geonetwork/srv/eng/csw-inspire,,Wallonie geodata catalogue,Regional,Belgium,Region Wallonia,Governmental,,Yes,,Environmental protection,Data access,No,No,API,In production,Unknown
13,Bulgaria data catalogue,Data access and reuse,https://opendata.government.bg/,,Bulgaria data catalogue,National,Bulgaria,Administration Council of Ministers,Governmental,,Yes,,General public services,Data access,Yes,No,API,In production,Unknown
14,Bulgaria geodata catalogue,Data access and reuse,https://inspirebg.eu/geonetwork/srv/eng/csw,,Bulgaria geodata catalogue,National,Bulgaria,Government of Bulgaria,Governmental,,Yes,,Environmental protection,Data access,No,No,API,In production,Unknown
15,European Centre for Medium-Range Weather Forecasts (ECMWF),Data access and reuse,http://apps.ecmwf.int/datasets/data/tigge/levtype=sfc/type=cf/,,European Centre for Medium-Range Weather Forecasts (ECMWF),International,European Union,European Centre for Medium-Range Weather Forecasts (ECMWF),Governmental,,Yes,,General public services,Data access,No,Yes,API,In production,Unknown
16,European Marine Observation and Data Network (EMODNET),Data access and reuse,http://www.emodnet-biology.eu/emodnet-biology-api,,European Marine Observation and Data Network (EMODNET),International,European Union,"European Comission, European Marine Observation and Data Network (EMODNet)",Governmental,,Yes,,Environmental protection,Data access,No,Yes,API,In production,Unknown
17,YourDataStories,Data access and reuse,http://dev.yourdatastories.eu/YDS-docs/API,,YourDataStories,International,European Union,YourDataStories (YDS),Governmental,,Yes,,General public services,Data access,Yes,No,API,In production,Unknown
18,Croatia geodata catalogue,Data access and reuse,http://geoportal.nipp.hr/geonetwork/srv/hrv/csw-inspire,,Croatia geodata catalogue,National,European Union,Government of Croatia,Governmental,,Yes,,Environmental protection,Data access,No,No,API,In production,Unknown
19,Cyprus geodata catalogue,Data access and reuse,https://eservices.dls.moi.gov.cy/geoportal_inspire/csw,,Cyprus geodata catalogue,National,Cyprus,Government of Cyprus,Governmental,,Yes,,Environmental protection,Data access,No,No,API,In production,Unknown
20,Access to Registers of Economic Subjects / Entities (ARES),Service integration,http://wwwinfo.mfcr.cz/ares/ares.html.en,,Access to Registers of Economic Subjects / Entities is an information system allowing a retrieval of information on economic entities registered in the Czech Republic. This system intermediates a display of data from particular registers of the state administration (called source registers) in which the data concerned is kept.,National,Czechia,Government of Czechia,Governmental,,Yes,,Financial and fiscal affairs,Data access,Yes,No,API,In production,Unknown
21,Czech Cadastre Web Services,Service integration,https://www.cuzk.cz/English/Cadastre-of-Real-Estate/Provision-of-data/Remote-Access/Web-Services-of-the-Remote-Access.aspx,,Web Services of the Remote Access to the Data of the Cadastre of Real Estate of the Czech Republic.,National,Czechia,Kadaster,Governmental,,Yes,,General public services,Data access,No,No,API,In production,Unknown
22,Czech data catalogue,Data access and reuse,http://cz.ckan.net/,,Czech data catalogue,National,Czechia,Government of Czechia,Governmental,,Yes,,General public services,Data access,Yes,No,API,In production,Unknown
23,Czech geodata catalogue,Data access and reuse,http://geoportal.gov.cz/php/micka/inspire/index.php,,Czech geodata catalogue,National,Czechia,Government of Czechia,Governmental,,Yes,,Environmental protection,Data access,No,No,API,In production,Unknown
24,Czech Mapybezbarier,Data access and reuse,https://mapybezbarier.docs.apiary.io/#,,Czech Mapybezbarier,National,Czechia,Maps without Barries,Governmental,,Yes,,Social protection,Data access,No,No,API,In production,Unknown
25,Czech Taric custom administration,Service integration,http://app.celnisprava.cz/TARICWS/PublicService.asmx?WSDL,,Czech Taric custom administration,National,Czechia,Customs administration,Governmental,,Yes,,Financial and fiscal affairs,Data access,No,No,API,In production,Unknown
26,Open Data CEDR III,Data access and reuse,http://cedr.mfcr.cz/cedr3internetv419/OpenData/DocumentationPage.aspx,,The General Financial Directorate publishes on this website the data contained in the Central Register of Subsidies (CEDR III) in machine-readable format.,National,Czechia,General Financial Directorate,Governmental,,Yes,,Social protection,Data access,No,No,API,In production,Unknown
27,Copenhagen parking,Service integration,https://cphsolutionslab.dk/content/3-news/10-the-road-to-smart-parking/smart-p-folder-ny-002.pdf,,Copenhagen parking,Local,Denmark,City of Copenhagen,Governmental,,Yes,,Transport,Data access,No,No,API,In production,Unknown
28,Denmark Adresses,Service integration,http://dawa.aws.dk/dok/api,,Denmark Adresses,National,Denmark,Agency for Data Supply and Efficiency,Governmental,,Yes,,General public services,Data access,No,No,API,In production,Unknown
29,Denmark Central Company Registry,Service integration,http://datahub.virk.dk/data/api,,Denmark Central Company Registry,National,Denmark,Central Company Registry,Governmental,,Yes,,Financial and fiscal affairs,Data access,No,No,API,In production,Unknown
30,Denmark Customs and Tax Administration,Service integration,http://datahub.virk.dk/dataset/system-til-system-adgang-til-cvr-data/resource/d79bf78d-30a9-4e17-8f01-84b25ba7499a,,Denmark Customs and Tax Administration,National,Denmark,Customs and Tax Administration,Governmental,,Yes,,Financial and fiscal affairs,Data access,No,No,API,In production,Unknown
31,Denmark data,Data access and reuse,https://datafordeler.dk/dataoversigt/,,Denmark data,National,Denmark,Agency for Data Supply and Efficiency,Governmental,,Yes,,General public services,Data access,Yes,No,API,In production,Unknown
32,Denmark geodata,Data access and reuse,https://geodata-info.dk:/srv/dan/csw,,Denmark geodata,National,Denmark,Government of Denmark,Governmental,,Yes,,Environmental protection,Data access,No,No,API,In production,Unknown
33,Denmark maps,Data access and reuse,https://kortforsyningen.dk/indhold/webservice-liste,,Denmark maps,National,Denmark,Agency for Data Supply and Efficiency,Governmental,,Yes,,Environmental protection,Data access,No,No,API,In production,Unknown
34,Denmark national service platform healthcare,Service integration,https://www.nspop.dk/display/web/NSP+services,,Denmark national service platform healthcare,National,Denmark,Healthcare Denmark,Governmental,,Yes,,Health,Data access,Yes,No,API,In production,Unknown
35,Denmark natural environment portal,Data access and reuse,https://danmarksmiljoeportal.zendesk.com/hc/da/sections/201715845-Services-og-udvikling,,Denmark natural environment portal,National,Denmark,Denmark's Environment Portal,Governmental,,Yes,,Environmental protection,Data access,No,No,API,In production,Unknown
36,Denmark statistics,Data access and reuse,https://www.dst.dk/en/Statistik/statistikbanken/api,,Denmark statistics,National,Denmark,"Government of Denmark, Statistics",Governmental,,Yes,,Overall planning and statistical services,Data access,No,No,API,In production,Unknown
37,Estonia Center for Health and Welfare Information Systems,Service integration,https://www.tehik.ee/tervis/arendaja/,,Estonia Center for Health and Welfare Information Systems,National,Estonia,Center for Health and Welfare Information Systems,Governmental,,Yes,,Health,Data access,No,No,API,In production,Unknown
38,Estonia company registration,Service integration,http://www.rik.ee/en/other-services/company-registration-api,,Estonia company registration,National,Estonia,Centre of Registers and Information Systems,Governmental,,Yes,,Financial and fiscal affairs,Data access,No,No,API,In production,Unknown
39,Estonia geodata,Data access and reuse,http://inspire.maaamet.ee/geoportal/csw,,Estonia geodata,National,Estonia,Government of Estonia,Governmental,,Yes,,Environmental protection,Data access,No,No,API,In production,Unknown
40,Copernicus,Data access and reuse,https://scihub.copernicus.eu/twiki/do/view/SciHubWebPortal/APIHubDescription,,Copernicus,International,European Union,Copernicus,Governmental,,Yes,,Environmental protection,Data access,No,Yes,API,In production,Unknown
41,Digital Agenda Key Indicators,Data access and reuse,http://semantic.digital-agenda-data.eu/dataset/digital-agenda-scoreboard-key-indicators,,Digital Agenda Key Indicators,International,European Union,European Commission,Governmental,,Yes,,Overall planning and statistical services,Data access,Yes,Yes,API,In production,Unknown
42,Dissemination and Visualization of Statistical Semantic Data,Data access and reuse,https://virtuoso.digital-agenda-data.eu/describe/?url=http://semantic.digital-agenda-data.eu/API/data/digital-agenda-scoreboard-key-indicators/i_iuif/ind_total/pc_ind_iu3/AT.json,,Dissemination and Visualization of Statistical Semantic Data,International,European Union,European Commission,Governmental,,Yes,,Overall planning and statistical services,Data access,Yes,No,API,In production,Unknown
43,eArchiving building block,Service integration,https://github.com/eark-project/OMS,,eArchiving building block,International,European Union,European Commission,Governmental,,Yes,,General public services,Data access,No,Yes,API,In production,Unknown
44,eInvoice CEN Building block,Service integration,https://www.itb.ec.europa.eu/cenws8/api/validation?wsdl,,eInvoice CEN Building block,International,European Union,European Commission,Governmental,,Yes,,Financial and fiscal affairs,Data access,No,Yes,API,In production,Unknown
45,eInvoice UBL Bulding block,Service integration,https://www.itb.ec.europa.eu/invoice/api/validation?wsdl,,eInvoice UBL Bulding block,International,European Union,European Commission,Governmental,,Yes,,Financial and fiscal affairs,Data access,No,Yes,API,In production,Unknown
46,eTendering,Service integration,https://www.itb.ec.europa.eu/etendering/api/validation?wsdl,,eTendering,International,European Union,European Commission,Governmental,,Yes,,Financial and fiscal affairs,Data access,No,Yes,API,In production,Unknown
47,eTranslation building block,Service integration,https://ec.europa.eu/cefdigital/wiki/display/CEFDIGITAL/Machine+translation,,eTranslation building block,International,European Union,European Commission,Governmental,,Yes,,General public services,Data access,No,Yes,API,In production,Unknown
48,EU Open Data Portal,Data access and reuse,http://data.europa.eu/euodp/en/data/group/api?groups=api,,EU Open Data Portal,International,European Union,"European Commission, Open Data Portal",Governmental,,Yes,,General public services,Data access,Yes,Yes,API,In production,Unknown
49,European Chemicals Agency (ECHA) IUCLID chemical substances,Data access and reuse,https://iuclid6.echa.europa.eu/public-api,,European Chemicals Agency (ECHA) IUCLID chemical substances,International,European Union,European Chemicals Agency (ECHA),Governmental,,Yes,,Environmental protection,Data access,No,Yes,API,In production,Unknown
50,European Chemicals Agency (ECHA) QSART,Data access and reuse,https://qsartoolbox.org/developers/webapi/,,European Chemicals Agency (ECHA) QSART,International,European Union,European Chemicals Agency (ECHA),Governmental,,Yes,,Environmental protection,Data access,No,Yes,API,In production,Unknown
51,European Commission Health and Food Safety Directorate General public data,Data access and reuse,http://ec.europa.eu/semantic_webgate/#/,,European Commission Health and Food Safety Directorate General public data,International,European Union,European Commission,Governmental,,Yes,,Health,Data access,No,Yes,API,In production,Unknown
52,European Council,Data access and reuse,http://data.consilium.europa.eu/sparql,,European Council,International,European Union,European Council,Governmental,,Yes,,Executive and legislative organs,Data access,No,Yes,API,In production,Unknown
53,European Court Database,Data access and reuse,http://data.europa.eu/euodp/en/data/dataset/european-court-database-api,,European Court Database,International,European Union,European Court,Governmental,,Yes,,Executive and legislative organs,Data access,No,Yes,API,In production,Unknown
54,European Court Database statistics,Data access and reuse,http://data.europa.eu/euodp/en/data/dataset/ecb-web-service,,European Court Database statistics,International,European Union,European Central Bank Statistics,Governmental,,Yes,,Overall planning and statistical services,Data access,No,Yes,API,In production,Unknown
55,European Data Portal,Data access and reuse,http://www.europeandataportal.eu/data/en/api/3,,European Data Portal,International,European Union,European Commission,Governmental,,Yes,,General public services,Data access,Yes,Yes,API,In production,Unknown
56,European Environmental Agency,Data access and reuse,https://www.eea.europa.eu/code/gis/gis-applications-api,,European Environmental Agency,International,European Union,European Environment Agency (EEA),Governmental,,Yes,,Environmental protection,Data access,No,Yes,API,In production,Unknown
57,European Participant Portal,Service integration,http://ec.europa.eu/research/participants/portal/desktop/en/support/apis.html,,European Participant Portal,International,European Union,European Commission,Governmental,,Yes,,Social protection,Data access,Yes,No,API,In production,Unknown
58,European Single Procurement Document (ESPD),Data access and reuse,https://www.itb.ec.europa.eu/espd/api/validation?wsdl,,European Single Procurement Document (ESPD),International,European Union,European Commission,Governmental,,Yes,,General public services,Data access,No,Yes,API,In production,Unknown
59,"European Skills, Competences, Qualifications and Occupations (ESCO)",Data access and reuse,https://ec.europa.eu/esco/api,,"European Skills, Competences, Qualifications and Occupations (ESCO)",International,European Union,European Commission,Governmental,,Yes,,Education,Data access,No,Yes,API,In production,Unknown
60,European Union law and publications,Data access and reuse,http://data.europa.eu/euodp/en/data/dataset/sparql-cellar-of-the-publications-office,,European Union law and publications,International,European Union,Publications Office of the European Union,Governmental,,Yes,,Executive and legislative organs,Data access,No,Yes,API,In production,Unknown
61,European Union legislation,Data access and reuse,http://api.epdb.eu,,European Union legislation,International,European Union,Buhl & Rasmussen,Governmental,,Yes,,Executive and legislative organs,Data access,No,Yes,API,In production,Unknown
62,Europeana,Data access and reuse,https://pro.europeana.eu/resources/apis/intro,,Europeana,International,European Union,Europeana Foundation,Governmental,,Yes,,"Recreation, culture and religion",Data access,Yes,Yes,API,In production,Unknown
63,Eurostat,Data access and reuse,http://ec.europa.eu/eurostat/web/json-and-unicode-web-services,,Eurostat,International,European Union,European Commission,Governmental,,Yes,,Overall planning and statistical services,Data access,No,Yes,API,In production,Unknown
64,Eurostat NUTS administrative classification,Data access and reuse,http://data.europa.eu/euodp/en/data/dataset/ESTAT-NUTS-classification,,Eurostat NUTS administrative classification,International,European Union,European Commission,Governmental,,Yes,,Overall planning and statistical services,Data access,No,Yes,API,In production,Unknown
65,Farm Oriented Open Data in Europe,Data access and reuse,https://www.foodie-cloud.org/developers/,,Farm Oriented Open Data in Europe,International,European Union,Farm Oriented Open Data in Europe (FOODIE) project consortium,Governmental,,Yes,,Agriculture,Data access,No,Yes,API,In production,Unknown
66,Geographic Information System of the Cоmmission datasets,Data access and reuse,http://data.europa.eu/euodp/en/data/dataset/estat-gisco,,Geographic Information System of the Cоmmission datasets,International,European Union,European Commission,Governmental,,Yes,,Environmental protection,Data access,No,Yes,API,In production,Unknown
67,Global Open Data for Agriculture and nutrition,Data access and reuse,https://www.godan.info/organizations/api-agro,,Global Open Data for Agriculture and nutrition,International,European Union,Godan consortium,Governmental,,Yes,,Agriculture,Data access,No,Yes,API,In production,Unknown
68,Historic payments,Data access and reuse,https://cohesiondata.ec.europa.eu/Other/Historic-EU-payments-regionalised-and-modelled/tc55-7ysv,,Historic payments,International,European Union,European Commission,Governmental,,Yes,,General public services,Data access,Yes,No,API,In production,Unknown
69,International Aid Transparency Initiative,Data access and reuse,https://iatistandard.org/en/using-data/iati-tools-and-resources/using-iati-registry/,,International Aid Transparency Initiative,International,European Union,International Aid Transparency Initiative (IATI),Governmental,,Yes,,General public services,Data access,No,Yes,API,In production,Unknown
70,It's Your Parliament (Itsy),Data access and reuse,http://www.itsyourparliament.eu/api/,,It's Your Parliament (Itsy),International,European Union,It's Your Parliament (Itsy),Governmental,,Yes,,Executive and legislative organs,Data access,No,Yes,API,In production,Unknown
71,LobbyFacts,Data access and reuse,http://api.lobbyfacts.eu/,,LobbyFacts,International,European Union,Open Knowledge Foundation,Governmental,,Yes,,Executive and legislative organs,Data access,No,Yes,API,In production,Unknown
72,National Trusted Lists and the European List of Trusted Lists (LOTL),Data access and reuse,https://webgate.ec.europa.eu/tl-browser/swagger-ui.html,,National Trusted Lists and the European List of Trusted Lists (LOTL),International,European Union,National Trusted Lists and the European List of Trusted Lists (LOTL),Governmental,,Yes,,General public services,Data access,No,Yes,API,In production,Unknown
73,Spatial Information in the European Community (INSPIRE) European Testing Framework,Validation and benchmarking,http://inspire-sandbox.jrc.ec.europa.eu/etf-webapp/swagger-ui.html,,Spatial Information in the European Community (INSPIRE) European Testing Framework,International,European Union,European Commission,Governmental,,Yes,,Environmental protection,Data access,No,Yes,API,In production,Unknown
74,Spatial Information in the European Community (INSPIRE) geocatalogue,Data access and reuse,http://inspire-geoportal.ec.europa.eu/GeoportalProxyWebServices/resources/OGCCSW202?service=CSW&request=GetCapabilities&version=2.0.2,,Spatial Information in the European Community (INSPIRE) geocatalogue,International,European Union,European Commission,Governmental,,Yes,,Environmental protection,Data access,No,Yes,API,In production,Unknown
75,Finland data catalogue,Data access and reuse,https://www.avoindata.fi/data/en_GB/api/3,,Finland data catalogue,National,Finland,Population Register Centre,Governmental,,Yes,,General public services,Data access,Yes,No,API,In production,Unknown
76,Finland INSPIRE data catalogue,Data access and reuse,http://www.paikkatietohakemisto.fi/geonetwork/srv/eng/csw,,Finland INSPIRE data catalogue,National,Finland,Government of Finland,Governmental,,Yes,,Environmental protection,Data access,No,No,API,In production,Unknown
77,Helsinki Map APIs,Service integration,https://www.hel.fi/palvelukarttaws/restpages/index_en.html,,Helsinki Map APIs,Local,Finland,City of Helsinki,Governmental,,Yes,,Environmental protection,Data access,No,No,API,In production,Unknown
78,Helsinki Open Ahjo APIs,Service integration,http://dev.hel.fi/openahjo/v1/,,Helsinki Open Ahjo APIs,Local,Finland,City of Helsinki,Governmental,,Yes,,General public services,Data access,No,No,API,In production,Unknown
79,Helsinki Regional Transport Authority HSL Developer Community,Service integration,http://dev.hsl.fi/#services,,Helsinki Regional Transport Authority HSL Developer Community,Local,Finland,City of Helsinki,Governmental,,Yes,,Transport,Data access,No,No,API,In production,Unknown
80,Helsinki Video Council APIs,Service integration,http://api.helsinkikanava.fi/apidoc/,,Helsinki Video Council APIs,Local,Finland,City of Helsinki,Governmental,,Yes,,Executive and legislative organs,Data access,No,No,API,In production,Unknown
81,Online portal for citizens of Finland,Service integration,https://esuomi.fi/palveluntarjoajille/valtuudet/tekninen-aineisto/kehittajan-ohje-webapi-yhteys/,,Online portal for citizens of Finland,National,Finland,Population Register Center,Governmental,,Yes,,General public services,Data access,Yes,No,API,In production,Unknown
82,France Data,Data access and reuse,https://www.data.gouv.fr/api/1/,,France Data,National,France,DINSIC,Governmental,,Yes,,General public services,Data access,Yes,No,API,In production,Unknown
83,France Declaration social nominative (DSN),Service integration,http://www.dsn-info.fr/api-dsn.htm,,France Declaration social nominative (DSN),National,France,The public interest group Modernization of Social Declarations (GIP-MDS),Governmental,,Yes,,Social protection,Data access,No,No,API,In production,Unknown
84,France Enterprise,Service integration,https://entreprise.api.gouv.fr,,France Enterprise,National,France,DINSIC,Governmental,,Yes,,Financial and fiscal affairs,Data access,No,No,API,In production,Unknown
85,France INSPIRE data Catalogue,Data access and reuse,http://www.geocatalogue.fr/api-public/inspire/servicesRest?,,France INSPIRE data Catalogue,National,France,Government of France,Governmental,,Yes,,Environmental protection,Data access,No,No,API,In production,Unknown
86,French business register Sirene,Service integration,https://api.insee.fr/catalogue/site/themes/wso2/subthemes/insee/pages/item-info.jag?name=Sirene&version=V3&provider=insee,,French business register Sirene,National,France,Government of France,Governmental,,Yes,,Financial and fiscal affairs,Data access,No,No,API,In production,Unknown
87,Paris data,Data access and reuse,https://opendata.paris.fr/api/v2/console,,Paris data,Local,France,City of Paris,Governmental,,Yes,,General public services,Data access,Yes,No,API,In production,Unknown
88,Paris Participatory Budget,Service integration,https://opendata.paris.fr/explore/dataset/bp_projets_gagnants/api,,Paris Participatory Budget,Local,France,City of Paris,Governmental,,Yes,,General public services,Data access,No,No,API,In production,Unknown
89,Rennes Data,Data access and reuse,https://data.rennesmetropole.fr/api/v1/console/datasets/1.0/search/,,Rennes Data,Local,France,City of Rennes,Governmental,,Yes,,General public services,Data access,Yes,No,API,In production,Unknown
90,Bayern Data,Data access and reuse,https://opendata.bayern.de,,Bayern Data,Local,Germany,City of Bayern,Governmental,,Yes,,General public services,Data access,Yes,No,API,In production,Unknown
91,Berlin Data,Data access and reuse,http://support.berlin.de/wiki/index.php/SimpleSearch_API,,Berlin Data,Local,Germany,City of Berlin,Governmental,,Yes,,General public services,Data access,Yes,No,API,In production,Unknown
92,GENESIS,Data access and reuse,https://www-genesis.destatis.de/genesis/online;sid=98FD7A341F1932E5A05EFBEE35E4F4ED.GO_1_1?Menu=Webservice,,"GENESIS (Gemeinsames neues statistisches Informationssystem, which means: Common new statistical information system) is a metadata-based statistical information system which has been developed together by the Federal Statistical Office of Germany and the statistical offices of the German Länder. The Federal Statistical Office of Germany has developed GENESIS-Online to give web-based access to GENESIS, that is, to provide the opportunity to use the statistical information system via the Internet.",National,Germany,Federal Statistical Office of Germany,Governmental,,Yes,,Overall planning and statistical services,Data access,No,No,API,In production,Unknown
93,Germany Berlin GeoPortal,Data access and reuse,http://fbinter.stadt-berlin.de/fb/,,Germany Berlin GeoPortal,Local,Germany,City of Berlin,Governmental,,Yes,,Environmental protection,Data access,No,No,API,In production,Unknown
94,Germany INSPIRE data catalogue,Data access and reuse,https://gdk.gdi-de.org:443/gdi-de/srv/eng/csw,,Germany INSPIRE data catalogue,National,Germany,Government of Germany,Governmental,,Yes,,Environmental protection,Data access,No,No,API,In production,Unknown
95,Germany Leipzig Data,Data access and reuse,https://opendata.leipzig.de/dataset,,Germany Leipzig Data,Local,Germany,City of Leipzig,Governmental,,Yes,,General public services,Data access,Yes,No,API,In production,Unknown
96,Germany Munich Transparent,Data access and reuse,https://www.muenchen-transparent.de/infos/api,,Germany Munich Transparent,Local,Germany,City of Munich,Governmental,,Yes,,Executive and legislative organs,Data access,Yes,No,API,In production,Unknown
97,Leipzig Corpora Collection (LCC),Data access and reuse,http://api.corpora.uni-leipzig.de/ws/swagger-ui.html,,Leipzig Corpora Collection (LCC),National,Germany,University of Leipzid,Governmental,,Yes,,"Recreation, culture and religion",Data access,No,No,API,In production,Unknown
98,Greece Data,Data access and reuse,http://www.data.gov.gr/dataset,,Greece Data,National,Greece,Government of Greece,Governmental,,Yes,,General public services,Data access,Yes,No,API,In production,Unknown
99,Greece Diavgeia,Data access and reuse,http://opendata.diavgeia.gov.gr/api/,,Greece Diavgeia,National,Greece,Ministry of Administrative Reconstruction,Governmental,,Yes,,General public services,Data access,No,No,API,In production,Unknown
100,Greece Geodata,Data access and reuse,http://geodata.gov.gr/content/about-en/,,Greece Geodata,National,Greece,Information Management Systems Institute,Governmental,,Yes,,Environmental protection,Data access,No,No,API,In production,Unknown
101,Greece INSPIRE data catalogue,Data access and reuse,http://geoportal.ypen.gr/geonetwork/srv/eng/csw,,Greece INSPIRE data catalogue,National,Greece,Government of Greece,Governmental,,Yes,,Environmental protection,Data access,No,No,API,In production,Unknown
102,Hungary INSPIRE data catalogue,Data access and reuse,http://inspire.gov.hu/geonetwork/srv/eng/csw,,Hungary INSPIRE data catalogue,National,Hungary,Government of Hungary,Governmental,,Yes,,Environmental protection,Data access,No,No,API,In production,Unknown
103,Iceland INSPIRE data catalogue,Data access and reuse,https://gatt.lmi.is:/geonetwork/srv/eng/csw,,Iceland INSPIRE data catalogue,National,Iceland,Government of Iceland,Governmental,,Yes,,Environmental protection,Data access,No,No,API,In production,Unknown
104,Ireland data,Data access and reuse,https://data.gov.ie/api/3/action/package_list,,Ireland data,National,Ireland,Government of Ireland,Governmental,,Yes,,General public services,Data access,Yes,No,API,In production,Unknown
105,Ireland INSPIRE data catalogue,Data access and reuse,https://inspire.geohive.ie/geoportal/csw,,Ireland INSPIRE data catalogue,National,Ireland,Government of Ireland,Governmental,,Yes,,Environmental protection,Data access,No,No,API,In production,Unknown
106,Ireland Light Rail Transit System in Dublin,Service integration,http://luasforecasts.rpa.ie/xml/get.ashx?action=forecast&stop=ran&encrypt=false,,Ireland Light Rail Transit System in Dublin,National,Ireland,Light Rail Transit System in Dublin (LUAS),Governmental,,Yes,,Transport,Data access,No,No,API,In production,Unknown
107,Italy Data,Data access and reuse,https://www.dati.gov.it/api/3/action/package_list,,Italy Data,National,Italy,Government of Italy,Governmental,,Yes,,General public services,Data access,Yes,No,API,In production,Unknown
108,Italy Data of 'Repertorio Nazionale Dati Territoriali',Data access and reuse,http://geodati.gov.it/RNDT/csw,,Italy Data of 'Repertorio Nazionale Dati Territoriali',National,Italy,Government of Italy,Governmental,,Yes,,Environmental protection,Data access,No,No,API,In production,Unknown
109,Italy eInvoicing building block APIs,Service integration,http://www.gov4j.it/gov4j/jsp/index.jsp?sel=fatturapa,,Italy eInvoicing building block APIs,National,Italy,Government of Italy,Governmental,,Yes,,Financial and fiscal affairs,Data access,No,No,API,In production,Unknown
110,Italy INSPIRE data catalogue APIs,Data access and reuse,https://geodati.gov.it/RNDT/csw,,Italy INSPIRE data catalogue APIs,National,Italy,Government of Italy,Governmental,,Yes,,Environmental protection,Data access,No,No,API,In production,Unknown
111,Italy Lombardy Open Data,Data access and reuse,https://dati.lombardia.it/,,Italy Lombardy Open Data,Regional,Italy,Region Lombardy,Governmental,,Yes,,General public services,Data access,Yes,No,API,In production,Unknown
112,Italy Milano Data,Data access and reuse,https://dati.comune.milano.it/api/3,,Italy Milano Data,Local,Italy,City of Milano,Governmental,,Yes,,General public services,Data access,Yes,No,API,In production,Unknown
113,Italy Piedmont YUCCA Smart Data Platform,Service integration,https://yucca.readthedocs.io/it/latest/yucca-docs/docs/come_fare_per/2_Accesso_API.html,,Italy Piedmont YUCCA Smart Data Platform,Regional,Italy,Region Piedmont,Governmental,,Yes,,General public services,Data access,Yes,No,API,In production,Unknown
114,Italy Trento ComunWeb APIs,Data access and reuse,https://www.comunweb.it/Temi/OpenData/Guadagnare-con-gli-Open-Data/Modalita-di-erogazione-dei-dati-attraverso-servizi-aperti-Open-Services,,Italy Trento ComunWeb APIs,Local,Italy,City of Trento,Governmental,,Yes,,General public services,Data access,Yes,No,API,In production,Unknown
115,Latvian Information Agency INSPIRE data catalogue,Data access and reuse,https://metadati.lgia.gov.lv/geoportal/csw,,Latvian Information Agency INSPIRE data catalogue,National,Latvia,"Government of Latvia, Latvian Geospatial Information Agency",Governmental,,Yes,,Environmental protection,Data access,No,No,API,In production,Unknown
116,Latvian INSPIRE data catalogue,Data access and reuse,https://geometadati.viss.gov.lv/geoportal/csw,,Latvian INSPIRE data catalogue,National,Latvia,Government of Latvia,Governmental,,Yes,,Environmental protection,Data access,No,No,API,In production,Unknown
117,Liechenstein INSPIRE data catalogue,Data access and reuse,https://www.geocat.ch/geonetwork/srv/ger/csw-liechtenstein-inspire,,Liechenstein INSPIRE data catalogue,National,Liechenstein,Government of Liechenstein,Governmental,,Yes,,Environmental protection,Data access,No,No,API,In production,Unknown
118,Lithuania INSPIRE data catalogue,Data access and reuse,https://www.geoportal.lt:/geonetwork/srv/eng/csw,,Lithuania INSPIRE data catalogue,National,Lithuania,Government of Lithania,Governmental,,Yes,,Environmental protection,Data access,No,No,API,In production,Unknown
119,Luxembourg INSPIRE data catalogue,Data access and reuse,https://catalog.inspire.geoportail.lu/geonetwork/srv/eng/csw,,Luxembourg INSPIRE data catalogue,National,Luxembourg,Government of Luxembourg,Governmental,,Yes,,Environmental protection,Data access,No,No,API,In production,Unknown
120,LuxHub banking,Service integration,https://developer.luxhub.com/api-catalog,,LuxHub banking,International,Luxembourg,LuxHub,Governmental,,Yes,,Financial and fiscal affairs,Data access,No,No,API,In production,Unknown
121,National Library Luxembourg,Data access and reuse,https://data.bnl.lu/apis/,,National Library Luxembourg,National,Luxembourg,National Library Luxembourg,Governmental,,Yes,,"Recreation, culture and religion",Data access,No,No,API,In production,Unknown
122,Malta INSPIRE data catalogue,Data access and reuse,https://msdi.data.gov.mt/geonetwork/srv/eng/csw,,Malta INSPIRE data catalogue,National,Malta,Government of Malta,Governmental,,Yes,,Environmental protection,Data access,No,No,API,In production,Unknown
123,City Dashboard Amsterdam,Service integration,http://citydashboard.org/amsterdam/,,"The City Dashboard Amsterdam has been developed as part of the City Service Development Kit and the Open Data Exchange projects, to make existing Amsterdam data sets available in realtime.",Local,Netherlands,City of Amsterdam,Governmental,,Yes,,General public services,Data access,Yes,No,API,In production,Unknown
124,Antwerp City Platform as a Service (ACPaaS),Service integration,https://acpaas.digipolis.be/,,"ACPaaS, a project by Digipolis and the City of Antwerp, is a hi-tech platform supporting all IT solutions of the City of Antwerp. ACPaaS is a collection of ready-to-use, reusable blocks of software or engines, such as notifications, profile management, payment and workflow. There are around sixty in total. These can be combined in many different ways and integrated with each other to form new IT solutions. In practice, they are used in more than 100 applications and systems and many more are on the way. Furthermore, new technologies, such as Internet of Things, blockchain and artificial intelligence are part of the platform. ",Local,Belgium,Digipolis,Governmental,,Yes,,General public services,Data access,Yes,No,API,In production,Unknown
125,Eindhoven Data,Data access and reuse,https://data.eindhoven.nl/api/v1/console/datasets/1.0/search/,,Eindhoven Data,Local,Netherlands,City of Eindhoven,Governmental,,Yes,,General public services,Data access,Yes,No,API,In production,Unknown
126,Netherlands data,Data access and reuse,https://data.overheid.nl/dataset/1/25?search=API,,Netherlands data,National,Netherlands,Government of Netherlands,Governmental,,Yes,,General public services,Data access,Yes,No,API,In production,Unknown
127,Netherlands INSPIRE data catalogue,Data access and reuse,https://www.nationaalgeoregister.nl:443/geonetwork/srv/dut/csw-inspire,,Netherlands INSPIRE data catalogue,National,Netherlands,Government of Netherlands,Governmental,,Yes,,Environmental protection,Data access,No,No,API,In production,Unknown
128,Netherlands KB national library,Data access and reuse,https://www.kb.nl/bronnen-zoekwijzers/dataservices-en-apis,,Netherlands KB national library,National,Netherlands,Netherlands KB national library,Governmental,,Yes,,"Recreation, culture and religion",Data access,No,No,API,In production,Unknown
129,Netherlands Open Dutch Chamber of Commerce,Data access and reuse,https://overheid.io/documentatie/openkvk,,Netherlands Open Dutch Chamber of Commerce,National,Netherlands,Netherlands Open Dutch Chamber of Commerce,Governmental,,Yes,,Financial and fiscal affairs,Data access,No,No,API,In production,Unknown
130,Netherlands Public Services On the Map,Service integration,https://www.pdok.nl/voor-aanbieders,,Netherlands Public Services On the Map,National,Netherlands,Public Services On the Map (PDOK),Governmental,,Yes,,Environmental protection,Data access,No,No,API,In production,Unknown
131,Netherlands public transportation sector,Service integration,https://www.ns.nl/en/travel-information/ns-api,,Netherlands public transportation sector,National,Netherlands,Public transportation sector,Governmental,,Yes,,Transport,Data access,No,No,API,In production,Unknown
132,Netherlands Rijksmuseum,Data access and reuse,https://www.rijksmuseum.nl/en/api,,Netherlands Rijksmuseum,National,Netherlands,Rijksmuseum,Governmental,,Yes,,"Recreation, culture and religion",Data access,No,No,API,In production,Unknown
133,Netherlands Schools,Service integration,http://api.openonderwijsdata.nl/,,Netherlands Schools,National,Netherlands,"Government of Netherlands, Open Education Data",Governmental,,Yes,,Education,Data access,No,No,API,In production,Unknown
134,Norway INSPIRE data catalogue,Data access and reuse,http://www.geonorge.no/geonetwork/srv/nor/csw-inspire,,Norway INSPIRE data catalogue,National,Norway,Government of Norway,Governmental,,Yes,,Environmental protection,Data access,No,No,API,In production,Unknown
135,Poland INSPIRE data catalogue,Data access and reuse,http://mapy.geoportal.gov.pl:80/wss/service/CSWINSP/guest/CSWStartup?,,Poland INSPIRE data catalogue,National,Poland,Government of Poland,Governmental,,Yes,,Environmental protection,Data access,No,No,API,In production,Unknown
136,Web Service TAX FREE,Service integration,https://granica.gov.pl/TaxFree/webServiceTaxFree.php?v=;https://granica.gov.pl/dopobrania.php?v=en,,"The Customs Service of the Republic of Poland, in order to meet the SELLERS 'expectations regarding the digitization and improvement of customs clearance at the border, including the export of goods using TAX FREE documents, has since 2005 developed and implemented for use the IT System ""VAT Return for Travelers"". It is a solution that works only within border crossings located on the territory of the Republic of Poland.",National,Poland,Government of Poland,Governmental,,Yes,,Financial and fiscal affairs,Data access,No,No,API,In production,Unknown
137,Portugal INSPIRE data catalogue,Data access and reuse,http://snig.dgterritorio.pt/geoportal/csw/discovery,,Portugal INSPIRE data catalogue,National,Portugal,Government of Portugal,Governmental,,Yes,,Environmental protection,Data access,No,No,API,In production,Unknown
138,Portugal National Health Service,Data access and reuse,https://transparencia.sns.gov.pt/api/v1/console/datasets/1.0/search/,,Portugal National Health Service,National,Portugal,National Health Service of Portugal,Governmental,,Yes,,Health,Data access,No,No,API,In production,Unknown
139,Romania INSPIRE data catalogue,Data access and reuse,http://geoportal.gov.ro/Geoportal_INIS/csw,,Romania INSPIRE data catalogue,National,Romania,Government of Romania,Governmental,,Yes,,Environmental protection,Data access,No,No,API,In production,Unknown
140,Slovakia Data,Data access and reuse,https://data.gov.sk/api/3/action/package_list,,Slovakia Data,National,Slovakia,Government of Slovakia,Governmental,,Yes,,General public services,Data access,Yes,No,API,In production,Unknown
141,Slovakia INSPIRE data catalogue,Data access and reuse,https://rpi.gov.sk/rpi_csw/service.svc/get,,Slovakia INSPIRE data catalogue,National,Slovakia,Government of Slovakia,Governmental,,Yes,,Environmental protection,Data access,No,No,API,In production,Unknown
142,Slovenia INSPIRE data catalogue,Data access and reuse,http://prostor4.gov.si/imps/srv/eng/csw-INSPIRE,,Slovenia INSPIRE data catalogue,National,Slovenia,Government of Slovenia,Governmental,,Yes,,Environmental protection,Data access,No,No,API,In production,Unknown
143,Aragon OpenData,Data access and reuse,https://opendata.aragon.es/herramientas/desarrolladores,,Aragon OpenData,Regional,Spain,Region Aragona,Governmental,,Yes,,General public services,Data access,Yes,No,API,In production,Unknown
144,Barcelona Open Data,Data access and reuse,https://opendata-ajuntament.barcelona.cat/en/api-cataleg,,Barcelona Open Data,Local,Spain,City of Barcelona,Governmental,,Yes,,General public services,Data access,Yes,No,API,In production,Unknown
145,Barcelona Sentilo,Smart city,https://connecta.bcn.cat/connecta-catalog-web/component/map,,"The Barcelona City Council, through the Municipal Institute of Informatics (IMI), started in November 2012 a project conceived for define the strategy and the necessary actions  in order to achieve global positioning Barcelona as a reference in the field of Smart Cities. Sentilo is an open source sensor and actuator platform designed to fit in the Smart City architecture of any city who looks for openness and easy interoperability. It’s built, used, and supported by an active and diverse community of cities and companies that believe that using open standards and free software is the first smart decision a Smart City should take. In order to avoid vertical solutions, Sentilo is designed as a cross platorm with the objective of sharing information between heterogeneous systems and to easily integrate legacy applications.",Local,Spain,City of Barcelona,Governmental,,Yes,,General public services,Data access,Unknown,No,Internet of Things,In production,Unknown
146,Cantabria Statistics,Data access and reuse,http://www.icane.es/statistical-api,,Cantabria Statistics,Regional,Spain,Region Cantabria,Governmental,,Yes,,Overall planning and statistical services,Data access,No,No,API,In production,Unknown
147,Catalunya Statistics,Data access and reuse,http://api.idescat.cat/indicadors/v1/,,Catalunya Statistics,Regional,Spain,Region Catalonia,Governmental,,Yes,,Overall planning and statistical services,Data access,No,No,API,In production,Unknown
148,Galicia Meteo,Service integration,http://servizos.meteogalicia.es/api_manual/en/index.html,,Galicia Meteo,Regional,Spain,Region Galicia,Governmental,,Yes,,General public services,Data access,No,No,API,In production,Unknown
149,Madrid MobilityLabs,Data access and reuse,https://mobilitylabs.emtmadrid.es/portal/,,Madrid MobilityLabs,Local,Spain,City of Madrid,Governmental,,Yes,,Transport,Data access,No,No,API,In production,Unknown
150,Spain Data,Data access and reuse,http://www.datos.gob.es,,Spain Data,National,Spain,Government of Spain,Governmental,,Yes,,General public services,Data access,Yes,No,API,In production,Unknown
151,Spain INSPIRE data catalogue,Data access and reuse,http://www.idee.es/csw-codsi-idee/srv/spa/csw,,Spain INSPIRE data catalogue,National,Spain,Government of Spain,Governmental,,Yes,,Environmental protection,Data access,No,No,API,In production,Unknown
152,University of Alicante data,Data access and reuse,https://dev.datos.ua.es/,,University of Alicante data,Local,Spain,University of Alicante,Governmental,,Yes,,Basic research,Data access,Yes,No,API,In production,Unknown
153,Zaragoza Open Data,Data access and reuse,https://www.zaragoza.es/sede/portal/datos-abiertos/api,,Zaragoza Open Data,Local,Spain,City of Zaragoza,Governmental,,Yes,,General public services,Data access,Yes,No,API,In production,Unknown
154,Sweden INSPIRE data catalogue,Data access and reuse,https://www.geodata.se:443/geodataportalen/srv/swe/csw-inspire,,Sweden INSPIRE data catalogue,National,Sweden,Government of Sweden,Governmental,,Yes,,Environmental protection,Data access,No,No,API,In production,Unknown
155,Sweden OpenAid,Data access and reuse,https://openaid.se/api/,,Sweden OpenAid,National,Sweden,Government of Sweden,Governmental,,Yes,,Social protection,Data access,No,No,API,In production,Unknown
156,Sweden Parliament,Data access and reuse,https://data.riksdagen.se/data/dokument/,,Sweden Parliament,National,Sweden,Government of Sweden,Governmental,,Yes,,Executive and legislative organs,Data access,No,No,API,In production,Unknown
157,Sweden Stockholm data,Data access and reuse,https://dataportalen.stockholm.se/dataportalen/,,Sweden Stockholm data,Local,Sweden,City of Stockholm,Governmental,,Yes,,General public services,Data access,Yes,No,API,In production,Unknown
158,Switzerland INSPIRE data catalogue,Data access and reuse,https://www.geocat.ch/geonetwork/srv/eng/csw-geobasisdaten,,Switzerland INSPIRE metadata catalogue,National,Switzerland,Government of Switzerland,Governmental,,Yes,,Environmental protection,Data access,No,No,API,In production,Unknown
159,London DataStore,Data access and reuse,http://data.london.gov.uk/api/3/action/package_list,,London DataStore,Local,United Kingdom,City of London,Governmental,,Yes,,General public services,Data access,Yes,No,API,In production,Unknown
160,London Transport for London,Service integration,https://tfl.gov.uk/info-for/open-data-users/unified-api?intcmp=29422,,London Transport for London,Local,United Kingdom,City of London,Governmental,,Yes,,Transport,Data access,No,No,API,In production,Unknown
161,The Guardian World gov data,Data access and reuse,https://open-platform.theguardian.com/access/,,The Guardian World gov data,International,United Kingdom,The Guardian,Governmental,,Yes,,General public services,Data access,Yes,No,API,In production,Unknown
162,UK AirQuality,Service integration,https://rapidapi.com/extropynet/api/uk-air-quality/details,,UK AirQuality,National,United Kingdom,Government of United Kingdom,Governmental,,Yes,,Environmental protection,Data access,No,No,API,In production,Unknown
163,UK BBC,Data access and reuse,http://www.bbc.co.uk/developer/technology/apis.html,,UK BBC,National,United Kingdom,BBC,Governmental,,Yes,,Communication,Data access,No,No,API,In production,Unknown
164,UK Data,Data access and reuse,https://ckan.publishing.service.gov.uk/api/3/action/package_list,,UK Data,National,United Kingdom,Government of United Kingdom,Governmental,,Yes,,General public services,Data access,Yes,No,API,In production,Unknown
165,UK Directgov Syndication,Data access and reuse,https://webarchive.nationalarchives.gov.uk/+/http://innovate.direct.gov.uk/syndication/,,UK Directgov Syndication,National,United Kingdom,Cabinet Office,Governmental,,Yes,,General public services,Data access,No,No,API,In production,Unknown
166,UK Find Your MP,Data access and reuse,http://findyourmp.parliament.uk/api/search?q=YOUR_SEARCH_TERM&format=YOUR_DESIRED_FORMAT,,UK Find Your MP,National,United Kingdom,Government of United Kingdom,Governmental,,Yes,,Executive and legislative organs,Data access,No,No,API,In production,Unknown
167,UK Fish register,Data access and reuse,http://www.fishregister.gov.uk/ERSDocuments/Scotland/API%20Developers%20Pack-129249598131000000.zip,,UK Fish register,National,United Kingdom,"Government of United Kingdom, Electronic recording and reporting system (ERS)",Governmental,,Yes,,Environmental protection,Data access,No,No,API,In production,Unknown
168,UK FoodGov,Service integration,http://data.food.gov.uk/food-alerts/ui/reference,,UK FoodGov,National,United Kingdom,Food Standards Agency,Governmental,,Yes,,"Agriculture, forestry, fishing and hunting",Data access,No,No,API,In production,Unknown
169,UK Gateway to Research,Data access and reuse,https://gtr.ukri.org/resources/api.html,,UK Gateway to Research,National,United Kingdom,"Government of United Kingdom, Research and Innovation",Governmental,,Yes,,Basic research,Data access,Yes,No,API,In production,Unknown
170,UK Her Majesty Revenue and Costs (HMRC),Service integration,https://developer.service.hmrc.gov.uk/api-documentation,,UK Her Majesty Revenue and Costs (HMRC),National,United Kingdom,Her Majesty Revenue and Costs - HMRC (Tax) Gateway (UK),Governmental,,Yes,,General public services,Data access,No,No,API,In production,Unknown
171,UK INSPIRE data catalogue,Data access and reuse,http://csw.data.gov.uk/geonetwork/srv/en/csw,,UK INSPIRE data catalogue,National,United Kingdom,Government of United Kingdom,Governmental,,Yes,,Environmental protection,Data access,No,No,API,In production,Unknown
172,UK Institute development studies,Data access and reuse,http://api.ids.ac.uk/openapi/,,UK Institute development studies,National,United Kingdom,Institute for Development Studies,Governmental,,Yes,,Basic research,Data access,Yes,No,API,In production,Unknown
173,UK Legislation,Data access and reuse,http://www.legislation.gov.uk/search,,UK Legislation,National,United Kingdom,National Archives,Governmental,,Yes,,Executive and legislative organs,Data access,No,No,API,In production,Unknown
174,UK local government association Effective Service Delivery,Data access and reuse,http://about.esd.org.uk/api,,UK local government association Effective Service Delivery,National,United Kingdom,Local Government Association,Governmental,,Yes,,General public services,Data access,No,No,API,In production,Unknown
175,UK Meteo Office Weather Observations,Data access and reuse,http://wow.metoffice.gov.uk/support/dataformats,,UK Meteo Office Weather Observations,National,United Kingdom,MetOffice,Governmental,,Yes,,General public services,Data access,No,No,API,In production,Unknown
176,UK National archives,Data access and reuse,http://discovery.nationalarchives.gov.uk/API/,,UK National archives,National,United Kingdom,National Archives,Governmental,,Yes,,"Recreation, culture and religion",Data access,No,No,API,In production,Unknown
177,UK National Health System,Service integration,https://developer.nhs.uk/apis/,,UK National Health System,National,United Kingdom,Department of Health and Social Care (DHSC),Governmental,,Yes,,Health,Data access,No,No,API,In production,Unknown
178,UK Next buses,Service integration,https://data.gov.uk/dataset/15be9dba-392c-4375-a931-425e35b956f7/nextbuses-api,,UK Next buses,National,United Kingdom,Traveline Information Limited,Governmental,,Yes,,Transport,Data access,No,No,API,In production,Unknown
179,UK Ordnance Survey,Data access and reuse,https://developer.ordnancesurvey.co.uk/home,,UK Ordnance Survey,National,United Kingdom,Ordnance Survey,Governmental,,Yes,,Environmental protection,Data access,No,No,API,In production,Unknown
180,UK Police,Data access and reuse,https://data.police.uk/,,UK Police,National,United Kingdom,Home Office,Governmental,,Yes,,Public order and safety,Data access,No,No,API,In production,Unknown
181,UK Redbridge data,Data access and reuse,http://data.redbridge.gov.uk/api/,,UK Redbridge data,Local,United Kingdom,City of London,Governmental,,Yes,,General public services,Data access,Yes,No,API,In production,Unknown
182,UK Shrewsbury Museum,Data access and reuse,http://www.shrewsburymuseum.org.uk/api/,,UK Shrewsbury Museum,Local,United Kingdom,City of Shrewsbury,Governmental,,Yes,,"Recreation, culture and religion",Data access,No,No,API,In production,Unknown